{
  "nodes": {
    "text-to-audio#1": {
      "rfNode": {
        "position": {
          "x": 724.8734205298356,
          "y": 965.3076635701668
        }
      },
      "sections": {
        "inputs": {
          "height": {
            "content": {
              "[]": 195
            }
          }
        }
      }
    },
    "audio_preview#1": {
      "contentWidth": 450,
      "rfNode": {
        "position": {
          "x": 1317.8547585644244,
          "y": 1039.3076635701668
        }
      }
    },
    "audio-separate#1": {
      "rfNode": {
        "position": {
          "x": 762.8734205298356,
          "y": 1569.3072958581308
        }
      }
    },
    "markdown_text_preview#1": {
      "contentWidth": 450,
      "rfNode": {
        "position": {
          "x": 1348.8734205298356,
          "y": 1586.3072958581308
        }
      }
    }
  }
}