{
  "nodes": {
    "text-to-audio#1": {
      "contentWidth": 450,
      "rfNode": {
        "position": {
          "x": 675.3470653312447,
          "y": 822.2037407908223
        }
      }
    },
    "audio_preview#1": {
      "contentWidth": 450,
      "rfNode": {
        "position": {
          "x": 1243.8547585644244,
          "y": 1143.3076635701668
        }
      }
    },
    "audio-separate#1": {
      "rfNode": {
        "position": {
          "x": 807.8547585644244,
          "y": 1359.0245004387325
        }
      }
    }
  }
}