{
  "nodes": {
    "text-to-audio#1": {
      "rfNode": {
        "position": {
          "x": 633.8734205298356,
          "y": 945.3076635701668
        }
      },
      "sections": {
        "inputs": {
          "height": {
            "content": {
              "[]": 77
            }
          }
        }
      }
    },
    "audio_preview#1": {
      "contentWidth": 450,
      "rfNode": {
        "position": {
          "x": 1210.5653280642623,
          "y": 975.8991463796752
        }
      }
    },
    "audio-separate#1": {
      "rfNode": {
        "position": {
          "x": 1080.5611849514312,
          "y": 1369.3076635701668
        }
      }
    },
    "markdown_text_preview#1": {
      "contentWidth": 450,
      "rfNode": {
        "position": {
          "x": 1590.1394685396813,
          "y": 1296.4206295563301
        }
      }
    },
    "upload-to-cloud#1": {
      "rfNode": {
        "position": {
          "x": 615.1799091006447,
          "y": 1478.0929486872321
        }
      }
    }
  }
}