{
  "nodes": {
    "text-to-audio#1": {
      "rfNode": {
        "position": {
          "x": 633.8734205298356,
          "y": 945.3076635701668
        }
      },
      "sections": {
        "inputs": {
          "collapsed": {
            "content": {
              "[]": false
            }
          },
          "height": {
            "content": {
              "[]": 77
            }
          }
        }
      }
    },
    "audio_preview#1": {
      "contentWidth": 450,
      "rfNode": {
        "position": {
          "x": 1245.0916628743616,
          "y": 1162.026632343196
        }
      }
    },
    "audio-separate#1": {
      "rfNode": {
        "position": {
          "x": 2131.8037302173125,
          "y": 907.6511927439883
        }
      }
    },
    "speech-to-text#1": {
      "contentWidth": 450,
      "rfNode": {
        "position": {
          "x": 1232.8476533391622,
          "y": 1455.5068689817635
        }
      }
    },
    "markdown_text_preview#1": {
      "contentWidth": 450,
      "rfNode": {
        "position": {
          "x": 1801.562829352105,
          "y": 1478.0929486872321
        }
      }
    },
    "upload-to-cloud#1": {
      "rfNode": {
        "position": {
          "x": 714.3563863357598,
          "y": 1492.7857601294716
        }
      }
    }
  }
}