{
  "nodes": {
    "lossless-pitch#1": {
      "rfNode": {
        "position": {
          "x": 603.9332764444526,
          "y": 225.113091628873
        }
      }
    },
    "url-download-to-path#1": {
      "contentWidth": 450,
      "rfNode": {
        "position": {
          "x": 1054.7145669889005,
          "y": 285.7349903637981
        }
      }
    },
    "audio_preview#1": {
      "contentWidth": 450,
      "rfNode": {
        "position": {
          "x": 1562.9625333425452,
          "y": 433.1196719597388
        }
      }
    }
  },
  "pseudoNodes": {
    "input": {
      "rfNode": {
        "position": {
          "x": 134.01555970616351,
          "y": 301.113091628873
        }
      }
    },
    "output": {
      "rfNode": {
        "position": {
          "x": 1562.9625333425452,
          "y": 156.14211013024578
        }
      }
    }
  }
}